{"cameraMode":{"drawMode":0,"name":"Shaded","section":"Shading Mode"},"sceneLighting":false,"audioPlay":false,"sceneViewState":{"m_AlwaysRefresh":false,"showFog":true,"showSkybox":false,"showFlares":true,"showImageEffects":true,"showParticleSystems":true,"showVisualEffectGraphs":true,"m_FxEnabled":false},"in2DMode":false,"pivot":{"x":12.976234436035157,"y":2.787238121032715,"z":-16.826433181762697},"rotation":{"x":0.46097028255462649,"y":-0.03060506097972393,"z":0.015910005196928979,"w":0.8867457509040833},"size":0.9798998832702637,"orthographic":false}