{"cameraMode":{"drawMode":0,"name":"Shaded","section":"Shading Mode"},"sceneLighting":false,"audioPlay":false,"sceneViewState":{"m_AlwaysRefresh":false,"showFog":true,"showSkybox":false,"showFlares":true,"showImageEffects":true,"showParticleSystems":true,"showVisualEffectGraphs":true,"m_FxEnabled":false},"in2DMode":false,"pivot":{"x":13.0735502243042,"y":2.8679614067077638,"z":-16.75849151611328},"rotation":{"x":0.25949594378471377,"y":-0.002030125353485346,"z":0.000545561604667455,"w":0.9657423496246338},"size":1.8290462493896485,"orthographic":false}