{"cameraMode":{"drawMode":0,"name":"Shaded","section":"Shading Mode"},"sceneLighting":false,"audioPlay":false,"sceneViewState":{"m_AlwaysRefresh":false,"showFog":true,"showSkybox":false,"showFlares":true,"showImageEffects":true,"showParticleSystems":true,"showVisualEffectGraphs":true,"m_FxEnabled":false},"in2DMode":false,"pivot":{"x":-0.7049708366394043,"y":1.2598767280578614,"z":-0.23189568519592286},"rotation":{"x":0.29897087812423708,"y":0.20819810032844544,"z":-0.06701252609491348,"w":0.9288574457168579},"size":4.213389873504639,"orthographic":false}