{"cameraMode":{"drawMode":0,"name":"Shaded","section":"Shading Mode"},"sceneLighting":false,"audioPlay":false,"sceneViewState":{"m_AlwaysRefresh":false,"showFog":true,"showSkybox":false,"showFlares":true,"showImageEffects":true,"showParticleSystems":true,"showVisualEffectGraphs":true,"m_FxEnabled":false},"in2DMode":false,"pivot":{"x":11.738327026367188,"y":2.4518136978149416,"z":-5.850266933441162},"rotation":{"x":0.3338055908679962,"y":-0.09086549282073975,"z":0.032346051186323169,"w":0.9376829266548157},"size":3.8922016620635988,"orthographic":false}