{"cameraMode":{"drawMode":0,"name":"Shaded","section":"Shading Mode"},"sceneLighting":true,"audioPlay":false,"sceneViewState":{"m_AlwaysRefresh":false,"showFog":true,"showSkybox":false,"showFlares":true,"showImageEffects":true,"showParticleSystems":true,"showVisualEffectGraphs":true,"m_FxEnabled":true},"in2DMode":false,"pivot":{"x":37.16815185546875,"y":0.9473018646240234,"z":-53.419715881347659},"rotation":{"x":-0.4376034438610077,"y":-0.015109950676560402,"z":0.007355187553912401,"w":-0.8990104794502258},"size":30.00234031677246,"orthographic":false}